Background,Model_Name,Description,Initial_Investment,Monthly_Revenue,Annual_Revenue_Y1,Annual_Revenue_Y5,Community_Retention,Total_5Yr_Revenue,5Year_ROI_Percent,Skills_Leveraged,AI_Integration,Token_Function,Scalability
Recent Immigrants,Cultural Food Cooperative + Token Pre-Orders,Community kitchen collective with token-based meal subscriptions,15000,8500,71400.0,417690.0,0.85,788970.0,5159.8,"culinary traditions, cultural knowledge","Demand forecasting, inventory optimization, cultural recipe AI","Pre-order meals, cultural event access, voting on menu items","High - can expand to catering, cultural festivals, cooking classes"
Recent Immigrants,Multicultural Translation & Content Hub,AI-assisted translation services with community token rewards,8000,6200,52080.0,284580.0,0.75,555396.0,6842.4,"multilingual abilities, cultural nuances","Translation assistance, content optimization, cultural context AI","Service credits, community document access, cultural content rewards","Medium - can serve local businesses, schools, healthcare"
Single Parents,Childcare Cooperative + Flexible Work Tokens,Shared childcare with token-based time banking and remote work support,12000,7800,65520.0,395928.0,0.9,736632.0,6038.6,"childcare experience, multitasking","Scheduling optimization, child development tracking, emergency coordination","Childcare hours exchange, priority booking, parenting resource access","High - can add tutoring, after-school programs, parent education"
Single Parents,Home Services Collective,"Flexible home services (cleaning, organizing, pet care) with AI coordination",6000,5500,46200.0,261360.0,0.8,501600.0,8260.0,"household management, customer service","Route optimization, client matching, quality assurance","Service booking, loyalty rewards, skill development credits","Medium - can expand to home maintenance, senior care"
Young Adults (18-25),Digital Content Creator Collective,Shared creative studio with token-based revenue sharing and AI tools,10000,9200,77280.0,407376.0,0.7,809232.0,7992.3,"social media, creative content","Content generation, trend analysis, audience optimization","Revenue sharing, equipment access, collaboration credits","Very High - can serve local businesses, events, online markets"
Young Adults (18-25),Urban Agriculture + Tech Collective,AI-powered vertical farming with community-supported agriculture tokens,18000,7200,60480.0,360806.0,0.88,675302.0,3651.7,"technology adoption, sustainability awareness","Crop monitoring, yield optimization, distribution planning","Harvest shares, farming participation, sustainability rewards","High - can supply local restaurants, schools, farmers markets"
Displaced Workers,Skilled Trades Cooperative + AI Matching,Worker-owned trades collective with AI job matching and token incentives,20000,12000,100800.0,589680.0,0.85,1113840.0,5469.2,"industry expertise, problem-solving","Project matching, skills assessment, safety monitoring","Job priority, skill development, equipment sharing","High - can serve construction, maintenance, renovation markets"
Displaced Workers,Manufacturing Skills Training Hub,AI-enhanced retraining center with token-based skill certification,25000,8500,71400.0,390150.0,0.75,761430.0,2945.7,"manufacturing experience, quality control","Personalized training, skills tracking, job placement","Training access, certification rewards, mentorship credits","Medium - can partner with local manufacturers, unions"
Retirees/Semi-Retired,Wisdom & Crafts Marketplace,Artisan cooperative with AI marketing and token-based mentorship,8000,4800,40320.0,251424.0,0.95,461088.0,5663.6,"craftsmanship, mentorship","Market analysis, pricing optimization, customer matching","Mentorship rewards, craft sales, cultural preservation","Medium - can serve tourists, online markets, cultural events"
Retirees/Semi-Retired,Community Knowledge Bank,AI-assisted consulting and advice network with reputation tokens,5000,3500,29400.0,171990.0,0.85,324870.0,6397.4,"professional experience, mentorship","Expertise matching, knowledge curation, impact tracking","Consultation credits, reputation building, knowledge sharing rewards","High - can serve startups, students, career transitions"
Community College Students,Student Innovation Lab + Token Research,Collaborative research and development hub with token-based project funding,12000,5800,48720.0,275616.0,0.8,528960.0,4308.0,"research skills, learning agility","Research assistance, project matching, outcome tracking","Project funding, intellectual property sharing, learning rewards","Very High - can commercialize research, partner with businesses"
Community College Students,Peer Learning Network,AI-powered tutoring and skill exchange with token incentives,6000,4200,35280.0,206388.0,0.85,389844.0,6397.4,"subject expertise, teaching ability","Learning path optimization, progress tracking, skill matching","Tutoring credits, skill exchanges, achievement rewards","High - can serve K-12, adult education, professional development"
