Background,Population,Baseline_Income,Digital_Fluency,Entrepreneurial_Interest,Growth_Potential,Basic_AI_Cost,Basic_Income_Boost,Basic_ROI_Months,Advanced_Token_Cost,Advanced_Income_Boost,Advanced_ROI_Months,Enterprise_Cost,Enterprise_Income_Boost,Enterprise_ROI_Months
Recent Immigrants,15000,28000,0.45,0.65,0.85,800,5880.0,1.6,1500,11529.0,1.6,3000,24752.0,1.5
Single Parents,8500,32000,0.55,0.7,0.75,800,7680.0,1.2,1500,13968.0,1.3,3000,24960.0,1.4
Young Adults (18-25),12000,22000,0.9,0.8,0.9,800,7590.0,1.3,1500,10692.0,1.7,3000,20592.0,1.7
Displaced Workers,6000,35000,0.35,0.5,0.65,800,6300.0,1.5,1500,11812.0,1.5,3000,23660.0,1.5
Retirees/Semi-Retired,9000,38000,0.25,0.4,0.55,800,5700.0,1.7,1500,10944.0,1.6,3000,21736.0,1.7
Community College Students,4500,18000,0.8,0.75,0.95,800,5670.0,1.7,1500,8303.0,2.2,3000,17784.0,2.0
